,index,Time,Driver,DriverNumber,LapTime,LapNumber,Stint,PitOutTime,PitInTime,Sector1Time,Sector2Time,Sector3Time,Sector1SessionTime,Sector2SessionTime,Sector3SessionTime,SpeedI1,SpeedI2,SpeedFL,SpeedST,IsPersonalBest,Compound,TyreLife,FreshTyre,Team,LapStartTime,LapStartDate,TrackStatus,Position,Deleted,DeletedReason,FastF1Generated,IsAccurate,LapTime(s),RunningAvgDriver
0,232,0 days 01:03:28.747000,ALO,14,0 days 00:01:25.527000,1.0,1.0,0 days 00:13:41.798000,,,0 days 00:00:37.981000,0 days 00:00:21.254000,,0 days 01:03:07.574000,0 days 01:03:28.808000,188.0,180.0,258.0,275.0,False,HARD,2.0,False,Aston Martin,0 days 01:02:02.950000,2023-05-28 13:03:03.927,2,2.0,False,,False,False,85.527,85.527
1,233,0 days 01:04:48.393000,ALO,14,0 days 00:01:19.646000,2.0,1.0,,,0 days 00:00:20.871000,0 days 00:00:37.656000,0 days 00:00:21.119000,0 days 01:03:49.651000,0 days 01:04:27.307000,0 days 01:04:48.426000,194.0,181.0,255.0,272.0,True,HARD,3.0,False,Aston Martin,0 days 01:03:28.747000,2023-05-28 13:04:29.724,1,2.0,False,,False,True,79.646,82.5865
2,234,0 days 01:06:07.506000,ALO,14,0 days 00:01:19.113000,3.0,1.0,,,0 days 00:00:20.649000,0 days 00:00:37.348000,0 days 00:00:21.116000,0 days 01:05:09.075000,0 days 01:05:46.423000,0 days 01:06:07.539000,193.0,182.0,255.0,273.0,True,HARD,4.0,False,Aston Martin,0 days 01:04:48.393000,2023-05-28 13:05:49.370,1,2.0,False,,False,True,79.113,81.42866666666667
3,235,0 days 01:07:26.282000,ALO,14,0 days 00:01:18.776000,4.0,1.0,,,0 days 00:00:20.584000,0 days 00:00:37.221000,0 days 00:00:20.971000,0 days 01:06:28.123000,0 days 01:07:05.344000,0 days 01:07:26.315000,195.0,185.0,257.0,275.0,True,HARD,5.0,False,Aston Martin,0 days 01:06:07.506000,2023-05-28 13:07:08.483,1,2.0,False,,False,True,78.776,80.7655
4,236,0 days 01:08:44.221000,ALO,14,0 days 00:01:17.939000,5.0,1.0,,,0 days 00:00:20.370000,0 days 00:00:36.729000,0 days 00:00:20.840000,0 days 01:07:46.685000,0 days 01:08:23.414000,0 days 01:08:44.254000,201.0,183.0,257.0,275.0,True,HARD,6.0,False,Aston Martin,0 days 01:07:26.282000,2023-05-28 13:08:27.259,1,2.0,False,,False,True,77.939,80.2002
5,237,0 days 01:10:02.173000,ALO,14,0 days 00:01:17.952000,6.0,1.0,,,0 days 00:00:20.424000,0 days 00:00:36.669000,0 days 00:00:20.859000,0 days 01:09:04.678000,0 days 01:09:41.347000,0 days 01:10:02.206000,,185.0,257.0,275.0,False,HARD,7.0,False,Aston Martin,0 days 01:08:44.221000,2023-05-28 13:09:45.198,1,2.0,False,,False,True,77.952,79.82549999999999
6,238,0 days 01:11:19.678000,ALO,14,0 days 00:01:17.505000,7.0,1.0,,,0 days 00:00:20.330000,0 days 00:00:36.535000,0 days 00:00:20.640000,0 days 01:10:22.536000,0 days 01:10:59.071000,0 days 01:11:19.711000,203.0,188.0,257.0,275.0,True,HARD,8.0,False,Aston Martin,0 days 01:10:02.173000,2023-05-28 13:11:03.150,1,2.0,False,,False,True,77.505,79.494
7,239,0 days 01:12:37.069000,ALO,14,0 days 00:01:17.391000,8.0,1.0,,,0 days 00:00:20.266000,0 days 00:00:36.514000,0 days 00:00:20.611000,0 days 01:11:39.977000,0 days 01:12:16.491000,0 days 01:12:37.102000,202.0,187.0,257.0,275.0,True,HARD,9.0,False,Aston Martin,0 days 01:11:19.678000,2023-05-28 13:12:20.655,1,2.0,False,,False,True,77.391,79.23112499999999
8,240,0 days 01:13:54.852000,ALO,14,0 days 00:01:17.783000,9.0,1.0,,,0 days 00:00:20.229000,0 days 00:00:36.675000,0 days 00:00:20.879000,0 days 01:12:57.331000,0 days 01:13:34.006000,0 days 01:13:54.885000,205.0,188.0,258.0,275.0,False,HARD,10.0,False,Aston Martin,0 days 01:12:37.069000,2023-05-28 13:13:38.046,1,2.0,False,,False,True,77.783,79.07022222222221
9,241,0 days 01:15:12.176000,ALO,14,0 days 00:01:17.324000,10.0,1.0,,,0 days 00:00:20.143000,0 days 00:00:36.488000,0 days 00:00:20.693000,0 days 01:14:15.028000,0 days 01:14:51.516000,0 days 01:15:12.209000,200.0,187.0,257.0,275.0,True,HARD,11.0,False,Aston Martin,0 days 01:13:54.852000,2023-05-28 13:14:55.829,1,2.0,False,,False,True,77.324,78.8956
10,242,0 days 01:16:29.425000,ALO,14,0 days 00:01:17.249000,11.0,1.0,,,0 days 00:00:20.216000,0 days 00:00:36.375000,0 days 00:00:20.658000,0 days 01:15:32.425000,0 days 01:16:08.800000,0 days 01:16:29.458000,206.0,189.0,257.0,275.0,True,HARD,12.0,False,Aston Martin,0 days 01:15:12.176000,2023-05-28 13:16:13.153,1,2.0,False,,False,True,77.249,78.74590909090908
11,243,0 days 01:17:47.013000,ALO,14,0 days 00:01:17.588000,12.0,1.0,,,0 days 00:00:20.251000,0 days 00:00:36.350000,0 days 00:00:20.987000,0 days 01:16:49.709000,0 days 01:17:26.059000,0 days 01:17:47.046000,,188.0,255.0,275.0,False,HARD,13.0,False,Aston Martin,0 days 01:16:29.425000,2023-05-28 13:17:30.402,2,2.0,False,,False,True,77.588,78.64941666666667
12,244,0 days 01:19:05.456000,ALO,14,0 days 00:01:18.443000,13.0,1.0,,,0 days 00:00:20.525000,0 days 00:00:36.585000,0 days 00:00:21.333000,0 days 01:18:07.571000,0 days 01:18:44.156000,0 days 01:19:05.489000,204.0,184.0,255.0,275.0,False,HARD,14.0,False,Aston Martin,0 days 01:17:47.013000,2023-05-28 13:18:47.990,2,2.0,False,,False,True,78.443,78.63353846153846
13,245,0 days 01:20:22.964000,ALO,14,0 days 00:01:17.508000,14.0,1.0,,,0 days 00:00:20.194000,0 days 00:00:36.591000,0 days 00:00:20.723000,0 days 01:19:25.683000,0 days 01:20:02.274000,0 days 01:20:22.997000,200.0,188.0,255.0,275.0,False,HARD,15.0,False,Aston Martin,0 days 01:19:05.456000,2023-05-28 13:20:06.433,2,2.0,False,,False,True,77.508,78.55314285714284
14,246,0 days 01:21:40.408000,ALO,14,0 days 00:01:17.444000,15.0,1.0,,,0 days 00:00:20.171000,0 days 00:00:36.502000,0 days 00:00:20.771000,0 days 01:20:43.168000,0 days 01:21:19.670000,0 days 01:21:40.441000,207.0,189.0,255.0,275.0,False,HARD,16.0,False,Aston Martin,0 days 01:20:22.964000,2023-05-28 13:21:23.941,1,2.0,False,,False,True,77.444,78.47919999999999
15,247,0 days 01:22:57.578000,ALO,14,0 days 00:01:17.170000,16.0,1.0,,,0 days 00:00:20.230000,0 days 00:00:36.363000,0 days 00:00:20.577000,0 days 01:22:00.671000,0 days 01:22:37.034000,0 days 01:22:57.611000,205.0,190.0,254.0,275.0,True,HARD,17.0,False,Aston Martin,0 days 01:21:40.408000,2023-05-28 13:22:41.385,1,2.0,False,,False,True,77.17,78.397375
16,248,0 days 01:24:15.277000,ALO,14,0 days 00:01:17.699000,17.0,1.0,,,0 days 00:00:20.340000,0 days 00:00:36.596000,0 days 00:00:20.763000,0 days 01:23:17.951000,0 days 01:23:54.547000,0 days 01:24:15.310000,206.0,186.0,255.0,276.0,False,HARD,18.0,False,Aston Martin,0 days 01:22:57.578000,2023-05-28 13:23:58.555,1,2.0,False,,False,True,77.699,78.35629411764705
17,249,0 days 01:25:32.805000,ALO,14,0 days 00:01:17.528000,18.0,1.0,,,0 days 00:00:20.206000,0 days 00:00:36.547000,0 days 00:00:20.775000,0 days 01:24:35.516000,0 days 01:25:12.063000,0 days 01:25:32.838000,208.0,189.0,256.0,276.0,False,HARD,19.0,False,Aston Martin,0 days 01:24:15.277000,2023-05-28 13:25:16.254,1,2.0,False,,False,True,77.528,78.31027777777778
18,250,0 days 01:26:50.063000,ALO,14,0 days 00:01:17.258000,19.0,1.0,,,0 days 00:00:20.174000,0 days 00:00:36.447000,0 days 00:00:20.637000,0 days 01:25:53.012000,0 days 01:26:29.459000,0 days 01:26:50.096000,207.0,188.0,255.0,276.0,False,HARD,20.0,False,Aston Martin,0 days 01:25:32.805000,2023-05-28 13:26:33.782,1,2.0,False,,False,True,77.258,78.2548947368421
19,251,0 days 01:28:07.193000,ALO,14,0 days 00:01:17.130000,20.0,1.0,,,0 days 00:00:20.139000,0 days 00:00:36.403000,0 days 00:00:20.588000,0 days 01:27:10.235000,0 days 01:27:46.638000,0 days 01:28:07.226000,206.0,190.0,256.0,277.0,True,HARD,21.0,False,Aston Martin,0 days 01:26:50.063000,2023-05-28 13:27:51.040,1,2.0,False,,False,True,77.13,78.19865
20,252,0 days 01:29:24.857000,ALO,14,0 days 00:01:17.664000,21.0,1.0,,,0 days 00:00:20.223000,0 days 00:00:36.546000,0 days 00:00:20.895000,0 days 01:28:27.449000,0 days 01:29:03.995000,0 days 01:29:24.890000,207.0,187.0,255.0,277.0,False,HARD,22.0,False,Aston Martin,0 days 01:28:07.193000,2023-05-28 13:29:08.170,1,2.0,False,,False,True,77.664,78.17319047619047
21,253,0 days 01:30:42.804000,ALO,14,0 days 00:01:17.947000,22.0,1.0,,,0 days 00:00:20.394000,0 days 00:00:36.673000,0 days 00:00:20.880000,0 days 01:29:45.284000,0 days 01:30:21.957000,0 days 01:30:42.837000,205.0,184.0,255.0,276.0,False,HARD,23.0,False,Aston Martin,0 days 01:29:24.857000,2023-05-28 13:30:25.834,1,2.0,False,,False,True,77.947,78.1629090909091
22,254,0 days 01:32:00.076000,ALO,14,0 days 00:01:17.272000,23.0,1.0,,,0 days 00:00:20.109000,0 days 00:00:36.449000,0 days 00:00:20.714000,0 days 01:31:02.946000,0 days 01:31:39.395000,0 days 01:32:00.109000,208.0,189.0,255.0,277.0,False,HARD,24.0,False,Aston Martin,0 days 01:30:42.804000,2023-05-28 13:31:43.781,1,2.0,False,,False,True,77.272,78.12417391304348
23,255,0 days 01:33:17.361000,ALO,14,0 days 00:01:17.285000,24.0,1.0,,,0 days 00:00:20.122000,0 days 00:00:36.464000,0 days 00:00:20.699000,0 days 01:32:20.231000,0 days 01:32:56.695000,0 days 01:33:17.394000,,189.0,256.0,277.0,False,HARD,25.0,False,Aston Martin,0 days 01:32:00.076000,2023-05-28 13:33:01.053,1,2.0,False,,False,True,77.285,78.08920833333333
24,256,0 days 01:34:34.543000,ALO,14,0 days 00:01:17.182000,25.0,1.0,,,0 days 00:00:20.018000,0 days 00:00:36.428000,0 days 00:00:20.736000,0 days 01:33:37.412000,0 days 01:34:13.840000,0 days 01:34:34.576000,,188.0,256.0,278.0,False,HARD,26.0,False,Aston Martin,0 days 01:33:17.361000,2023-05-28 13:34:18.338,1,2.0,False,,False,True,77.182,78.05292
25,257,0 days 01:35:51.684000,ALO,14,0 days 00:01:17.141000,26.0,1.0,,,0 days 00:00:20.057000,0 days 00:00:36.346000,0 days 00:00:20.738000,0 days 01:34:54.633000,0 days 01:35:30.979000,0 days 01:35:51.717000,209.0,191.0,256.0,278.0,False,HARD,27.0,False,Aston Martin,0 days 01:34:34.543000,2023-05-28 13:35:35.520,1,2.0,False,,False,True,77.141,78.01784615384615
26,258,0 days 01:37:08.912000,ALO,14,0 days 00:01:17.228000,27.0,1.0,,,0 days 00:00:20.018000,0 days 00:00:36.470000,0 days 00:00:20.740000,0 days 01:36:11.735000,0 days 01:36:48.205000,0 days 01:37:08.945000,,189.0,256.0,278.0,False,HARD,28.0,False,Aston Martin,0 days 01:35:51.684000,2023-05-28 13:36:52.661,1,2.0,False,,False,True,77.228,77.9885925925926
27,259,0 days 01:38:26.474000,ALO,14,0 days 00:01:17.562000,28.0,1.0,,,0 days 00:00:20.224000,0 days 00:00:36.581000,0 days 00:00:20.757000,0 days 01:37:29.169000,0 days 01:38:05.750000,0 days 01:38:26.507000,,187.0,256.0,278.0,False,HARD,29.0,False,Aston Martin,0 days 01:37:08.912000,2023-05-28 13:38:09.889,1,2.0,False,,False,True,77.562,77.97335714285714
28,260,0 days 01:39:43.585000,ALO,14,0 days 00:01:17.111000,29.0,1.0,,,0 days 00:00:20.075000,0 days 00:00:36.445000,0 days 00:00:20.591000,0 days 01:38:46.582000,0 days 01:39:23.027000,0 days 01:39:43.618000,206.0,190.0,257.0,279.0,True,HARD,30.0,False,Aston Martin,0 days 01:38:26.474000,2023-05-28 13:39:27.451,1,2.0,False,,False,True,77.111,77.94362068965516
29,261,0 days 01:41:00.550000,ALO,14,0 days 00:01:16.965000,30.0,1.0,,,0 days 00:00:20.035000,0 days 00:00:36.332000,0 days 00:00:20.598000,0 days 01:40:03.653000,0 days 01:40:39.985000,0 days 01:41:00.583000,208.0,189.0,256.0,280.0,True,HARD,31.0,False,Aston Martin,0 days 01:39:43.585000,2023-05-28 13:40:44.562,1,2.0,False,,False,True,76.965,77.911
30,262,0 days 01:42:17.809000,ALO,14,0 days 00:01:17.259000,31.0,1.0,,,0 days 00:00:20.008000,0 days 00:00:36.459000,0 days 00:00:20.792000,0 days 01:41:20.591000,0 days 01:41:57.050000,0 days 01:42:17.842000,210.0,188.0,258.0,281.0,False,HARD,32.0,False,Aston Martin,0 days 01:41:00.550000,2023-05-28 13:42:01.527,1,2.0,False,,False,True,77.259,77.88996774193548
31,263,0 days 01:43:35.446000,ALO,14,0 days 00:01:17.637000,32.0,1.0,,,0 days 00:00:20.096000,0 days 00:00:36.618000,0 days 00:00:20.923000,0 days 01:42:37.938000,0 days 01:43:14.556000,0 days 01:43:35.479000,206.0,187.0,257.0,282.0,False,HARD,33.0,False,Aston Martin,0 days 01:42:17.809000,2023-05-28 13:43:18.786,1,2.0,False,,False,True,77.637,77.8820625
32,264,0 days 01:44:53.262000,ALO,14,0 days 00:01:17.816000,33.0,1.0,,,0 days 00:00:20.289000,0 days 00:00:36.672000,0 days 00:00:20.855000,0 days 01:43:55.768000,0 days 01:44:32.440000,0 days 01:44:53.295000,,188.0,259.0,282.0,False,HARD,34.0,False,Aston Martin,0 days 01:43:35.446000,2023-05-28 13:44:36.423,1,2.0,False,,False,True,77.816,77.88006060606061
33,265,0 days 01:46:12.559000,ALO,14,0 days 00:01:19.297000,34.0,1.0,,,0 days 00:00:20.377000,0 days 00:00:37.388000,0 days 00:00:21.532000,0 days 01:45:13.672000,0 days 01:45:51.060000,0 days 01:46:12.592000,204.0,182.0,265.0,282.0,False,HARD,35.0,False,Aston Martin,0 days 01:44:53.262000,2023-05-28 13:45:54.239,1,2.0,False,,False,True,79.297,77.92173529411764
34,266,0 days 01:47:31.193000,ALO,14,0 days 00:01:18.634000,35.0,1.0,,,0 days 00:00:20.651000,0 days 00:00:37.116000,0 days 00:00:20.867000,0 days 01:46:33.243000,0 days 01:47:10.359000,0 days 01:47:31.226000,198.0,187.0,258.0,279.0,False,HARD,36.0,False,Aston Martin,0 days 01:46:12.559000,2023-05-28 13:47:13.536,1,2.0,False,,False,True,78.634,77.94208571428571
35,267,0 days 01:48:49.069000,ALO,14,0 days 00:01:17.876000,36.0,1.0,,,0 days 00:00:20.203000,0 days 00:00:36.792000,0 days 00:00:20.881000,0 days 01:47:51.429000,0 days 01:48:28.221000,0 days 01:48:49.102000,207.0,186.0,264.0,280.0,False,HARD,37.0,False,Aston Martin,0 days 01:47:31.193000,2023-05-28 13:48:32.170,1,2.0,False,,False,True,77.876,77.94025
36,268,0 days 01:50:07.043000,ALO,14,0 days 00:01:17.974000,37.0,1.0,,,0 days 00:00:20.265000,0 days 00:00:37.020000,0 days 00:00:20.689000,0 days 01:49:09.367000,0 days 01:49:46.387000,0 days 01:50:07.076000,203.0,189.0,257.0,280.0,False,HARD,38.0,False,Aston Martin,0 days 01:48:49.069000,2023-05-28 13:49:50.046,1,2.0,False,,False,True,77.974,77.94116216216216
37,269,0 days 01:51:24.184000,ALO,14,0 days 00:01:17.141000,38.0,1.0,,,0 days 00:00:20.056000,0 days 00:00:36.463000,0 days 00:00:20.622000,0 days 01:50:27.132000,0 days 01:51:03.595000,0 days 01:51:24.217000,210.0,189.0,258.0,279.0,False,HARD,39.0,False,Aston Martin,0 days 01:50:07.043000,2023-05-28 13:51:08.020,1,2.0,False,,False,True,77.141,77.9201052631579
38,270,0 days 01:52:41.889000,ALO,14,0 days 00:01:17.705000,39.0,1.0,,,0 days 00:00:20.213000,0 days 00:00:36.826000,0 days 00:00:20.666000,0 days 01:51:44.430000,0 days 01:52:21.256000,0 days 01:52:41.922000,206.0,190.0,257.0,279.0,False,HARD,40.0,False,Aston Martin,0 days 01:51:24.184000,2023-05-28 13:52:25.161,1,2.0,False,,False,True,77.705,77.91458974358974
39,271,0 days 01:53:59.519000,ALO,14,0 days 00:01:17.630000,40.0,1.0,,,0 days 00:00:20.249000,0 days 00:00:36.856000,0 days 00:00:20.525000,0 days 01:53:02.171000,0 days 01:53:39.027000,0 days 01:53:59.552000,199.0,192.0,256.0,276.0,False,HARD,41.0,False,Aston Martin,0 days 01:52:41.889000,2023-05-28 13:53:42.866,1,2.0,False,,False,True,77.63,77.907475
40,272,0 days 01:55:16.535000,ALO,14,0 days 00:01:17.016000,41.0,1.0,,,0 days 00:00:20.069000,0 days 00:00:36.395000,0 days 00:00:20.552000,0 days 01:54:19.621000,0 days 01:54:56.016000,0 days 01:55:16.568000,208.0,191.0,258.0,278.0,False,HARD,42.0,False,Aston Martin,0 days 01:53:59.519000,2023-05-28 13:55:00.496,1,2.0,False,,False,True,77.016,77.88573170731708
41,273,0 days 01:56:33.254000,ALO,14,0 days 00:01:16.719000,42.0,1.0,,,0 days 00:00:19.940000,0 days 00:00:36.431000,0 days 00:00:20.348000,0 days 01:55:36.508000,0 days 01:56:12.939000,0 days 01:56:33.287000,207.0,191.0,259.0,278.0,True,HARD,43.0,False,Aston Martin,0 days 01:55:16.535000,2023-05-28 13:56:17.512,1,2.0,False,,False,True,76.719,77.85795238095238
42,274,0 days 01:57:49.928000,ALO,14,0 days 00:01:16.674000,43.0,1.0,,,0 days 00:00:19.813000,0 days 00:00:36.396000,0 days 00:00:20.465000,0 days 01:56:53.100000,0 days 01:57:29.496000,0 days 01:57:49.961000,209.0,192.0,258.0,278.0,True,HARD,44.0,False,Aston Martin,0 days 01:56:33.254000,2023-05-28 13:57:34.231,1,2.0,False,,False,True,76.674,77.83041860465117
43,275,0 days 01:59:06.847000,ALO,14,0 days 00:01:16.919000,44.0,1.0,,,0 days 00:00:19.801000,0 days 00:00:36.498000,0 days 00:00:20.620000,0 days 01:58:09.762000,0 days 01:58:46.260000,0 days 01:59:06.880000,212.0,191.0,258.0,277.0,False,HARD,45.0,False,Aston Martin,0 days 01:57:49.928000,2023-05-28 13:58:50.905,1,2.0,False,,False,True,76.919,77.80970454545455
44,276,0 days 02:00:23.709000,ALO,14,0 days 00:01:16.862000,45.0,1.0,,,0 days 00:00:19.904000,0 days 00:00:36.379000,0 days 00:00:20.579000,0 days 01:59:26.784000,0 days 02:00:03.163000,0 days 02:00:23.742000,211.0,192.0,259.0,278.0,False,HARD,46.0,False,Aston Martin,0 days 01:59:06.847000,2023-05-28 14:00:07.824,1,2.0,False,,False,True,76.862,77.78864444444444
45,277,0 days 02:01:40.823000,ALO,14,0 days 00:01:17.114000,46.0,1.0,,,0 days 00:00:19.866000,0 days 00:00:36.563000,0 days 00:00:20.685000,0 days 02:00:43.608000,0 days 02:01:20.171000,0 days 02:01:40.856000,,190.0,258.0,278.0,False,HARD,47.0,False,Aston Martin,0 days 02:00:23.709000,2023-05-28 14:01:24.686,1,2.0,False,,False,True,77.114,77.77397826086957
46,278,0 days 02:02:57.931000,ALO,14,0 days 00:01:17.108000,47.0,1.0,,,0 days 00:00:19.867000,0 days 00:00:36.608000,0 days 00:00:20.633000,0 days 02:02:00.723000,0 days 02:02:37.331000,0 days 02:02:57.964000,210.0,191.0,259.0,279.0,False,HARD,48.0,False,Aston Martin,0 days 02:01:40.823000,2023-05-28 14:02:41.800,1,2.0,False,,False,True,77.108,77.7598085106383
47,279,0 days 02:04:14.862000,ALO,14,0 days 00:01:16.931000,48.0,1.0,,,0 days 00:00:19.939000,0 days 00:00:36.441000,0 days 00:00:20.551000,0 days 02:03:17.903000,0 days 02:03:54.344000,0 days 02:04:14.895000,,192.0,258.0,279.0,False,HARD,49.0,False,Aston Martin,0 days 02:02:57.931000,2023-05-28 14:03:58.908,1,2.0,False,,False,True,76.931,77.74254166666667
48,280,0 days 02:05:31.854000,ALO,14,0 days 00:01:16.992000,49.0,1.0,,,0 days 00:00:19.967000,0 days 00:00:36.487000,0 days 00:00:20.538000,0 days 02:04:34.862000,0 days 02:05:11.349000,0 days 02:05:31.887000,211.0,190.0,258.0,279.0,False,HARD,50.0,False,Aston Martin,0 days 02:04:14.862000,2023-05-28 14:05:15.839,1,2.0,False,,False,True,76.992,77.72722448979592
49,281,0 days 02:06:49.262000,ALO,14,0 days 00:01:17.408000,50.0,1.0,,,0 days 00:00:20.235000,0 days 00:00:36.595000,0 days 00:00:20.578000,0 days 02:05:52.122000,0 days 02:06:28.717000,0 days 02:06:49.295000,206.0,190.0,260.0,279.0,False,HARD,51.0,False,Aston Martin,0 days 02:05:31.854000,2023-05-28 14:06:32.831,1,2.0,False,,False,True,77.408,77.72084
50,282,0 days 02:08:09.253000,ALO,14,0 days 00:01:19.991000,51.0,1.0,,,0 days 00:00:20.122000,0 days 00:00:38.591000,0 days 00:00:21.278000,0 days 02:07:09.417000,0 days 02:07:48.008000,0 days 02:08:09.286000,,176.0,258.0,278.0,False,HARD,52.0,False,Aston Martin,0 days 02:06:49.262000,2023-05-28 14:07:50.239,1,2.0,False,,False,True,79.991,77.76535294117647
51,283,0 days 02:09:34.220000,ALO,14,0 days 00:01:24.967000,52.0,1.0,,,0 days 00:00:21.314000,0 days 00:00:41.811000,0 days 00:00:21.842000,0 days 02:08:30.600000,0 days 02:09:12.411000,0 days 02:09:34.253000,187.0,174.0,258.0,276.0,False,HARD,53.0,False,Aston Martin,0 days 02:08:09.253000,2023-05-28 14:09:10.230,1,2.0,False,,False,True,84.967,77.90384615384616
52,284,0 days 02:11:05.082000,ALO,14,0 days 00:01:30.862000,53.0,1.0,,,0 days 00:00:24.002000,0 days 00:00:44.284000,0 days 00:00:22.576000,0 days 02:09:58.255000,0 days 02:10:42.539000,0 days 02:11:05.115000,131.0,165.0,256.0,274.0,False,HARD,54.0,False,Aston Martin,0 days 02:09:34.220000,2023-05-28 14:10:35.197,1,2.0,True,TRACK LIMITS AT TURN 10 LAP 53 ,False,True,90.862,78.14833962264152
53,285,0 days 02:12:55.393000,ALO,14,0 days 00:01:50.311000,54.0,1.0,,0 days 02:12:31.906000,0 days 00:00:23.855000,0 days 00:00:46.657000,0 days 00:00:39.799000,0 days 02:11:28.970000,0 days 02:12:15.627000,0 days 02:12:55.426000,133.0,159.0,,271.0,False,HARD,55.0,False,Aston Martin,0 days 02:11:05.082000,2023-05-28 14:12:06.059,1,2.0,False,,False,False,110.311,78.74394444444444
54,286,0 days 02:15:02.028000,ALO,14,0 days 00:02:06.635000,55.0,2.0,0 days 02:12:56.125000,0 days 02:14:36.873000,0 days 00:00:28.660000,0 days 00:00:51.697000,0 days 00:00:46.278000,0 days 02:13:24.086000,0 days 02:14:15.783000,0 days 02:15:02.061000,119.0,118.0,,253.0,False,MEDIUM,2.0,False,Aston Martin,0 days 02:12:55.393000,2023-05-28 14:13:56.370,2,2.0,True,TRACK LIMITS AT TURN 10 LAP 55 ,False,False,126.635,79.61469090909091
55,287,0 days 02:16:50.559000,ALO,14,0 days 00:01:48.531000,56.0,3.0,0 days 02:15:02.716000,,0 days 00:00:28.632000,0 days 00:00:52.761000,0 days 00:00:27.138000,0 days 02:15:30.693000,0 days 02:16:23.454000,0 days 02:16:50.592000,96.0,138.0,249.0,240.0,False,INTERMEDIATE,1.0,True,Aston Martin,0 days 02:15:02.028000,2023-05-28 14:16:03.005,2,2.0,False,,False,False,108.531,80.13105357142857
56,288,0 days 02:18:33.140000,ALO,14,0 days 00:01:42.581000,57.0,3.0,,,0 days 00:00:27.468000,0 days 00:00:48.109000,0 days 00:00:27.004000,0 days 02:17:18.060000,0 days 02:18:06.169000,0 days 02:18:33.173000,116.0,136.0,250.0,257.0,False,INTERMEDIATE,2.0,True,Aston Martin,0 days 02:16:50.559000,2023-05-28 14:17:51.536,1,2.0,True,TRACK LIMITS AT TURN 16 LAP 57 ,False,True,102.581,80.52491228070176
57,289,0 days 02:20:14.407000,ALO,14,0 days 00:01:41.267000,58.0,3.0,,,0 days 00:00:27.014000,0 days 00:00:48.020000,0 days 00:00:26.233000,0 days 02:19:00.187000,0 days 02:19:48.207000,0 days 02:20:14.440000,125.0,138.0,248.0,255.0,False,INTERMEDIATE,3.0,True,Aston Martin,0 days 02:18:33.140000,2023-05-28 14:19:34.117,2,2.0,False,,False,True,101.267,80.88253448275862
58,290,0 days 02:21:55.304000,ALO,14,0 days 00:01:40.897000,59.0,3.0,,,0 days 00:00:27.060000,0 days 00:00:47.367000,0 days 00:00:26.470000,0 days 02:20:41.500000,0 days 02:21:28.867000,0 days 02:21:55.337000,133.0,139.0,251.0,260.0,False,INTERMEDIATE,4.0,True,Aston Martin,0 days 02:20:14.407000,2023-05-28 14:21:15.384,2,2.0,False,,False,True,100.897,81.2217627118644
59,291,0 days 02:23:35.942000,ALO,14,0 days 00:01:40.638000,60.0,3.0,,,0 days 00:00:26.776000,0 days 00:00:47.743000,0 days 00:00:26.119000,0 days 02:22:22.113000,0 days 02:23:09.856000,0 days 02:23:35.975000,138.0,132.0,250.0,267.0,False,INTERMEDIATE,5.0,True,Aston Martin,0 days 02:21:55.304000,2023-05-28 14:22:56.281,2,2.0,False,,False,True,100.638,81.54536666666667
60,292,0 days 02:25:18.669000,ALO,14,0 days 00:01:42.727000,61.0,3.0,,,0 days 00:00:26.367000,0 days 00:00:48.926000,0 days 00:00:27.434000,0 days 02:24:02.342000,0 days 02:24:51.268000,0 days 02:25:18.702000,141.0,129.0,250.0,242.0,False,INTERMEDIATE,6.0,True,Aston Martin,0 days 02:23:35.942000,2023-05-28 14:24:36.919,2,2.0,False,,False,True,102.727,81.89260655737704
61,293,0 days 02:26:59.136000,ALO,14,0 days 00:01:40.467000,62.0,3.0,,,0 days 00:00:26.363000,0 days 00:00:48.029000,0 days 00:00:26.075000,0 days 02:25:45.065000,0 days 02:26:33.094000,0 days 02:26:59.169000,138.0,136.0,251.0,251.0,False,INTERMEDIATE,7.0,True,Aston Martin,0 days 02:25:18.669000,2023-05-28 14:26:19.646,1,2.0,False,,False,True,100.467,82.1921935483871
62,294,0 days 02:28:38.807000,ALO,14,0 days 00:01:39.671000,63.0,3.0,,,0 days 00:00:26.319000,0 days 00:00:47.663000,0 days 00:00:25.689000,0 days 02:27:25.488000,0 days 02:28:13.151000,0 days 02:28:38.840000,131.0,137.0,252.0,266.0,False,INTERMEDIATE,8.0,True,Aston Martin,0 days 02:26:59.136000,2023-05-28 14:28:00.113,1,2.0,False,,False,True,99.671,82.46963492063493
63,295,0 days 02:30:16.942000,ALO,14,0 days 00:01:38.135000,64.0,3.0,,,0 days 00:00:26.027000,0 days 00:00:46.527000,0 days 00:00:25.581000,0 days 02:29:04.867000,0 days 02:29:51.394000,0 days 02:30:16.975000,136.0,138.0,253.0,259.0,False,INTERMEDIATE,9.0,True,Aston Martin,0 days 02:28:38.807000,2023-05-28 14:29:39.784,1,2.0,False,,False,True,98.135,82.71440625
64,296,0 days 02:31:54.582000,ALO,14,0 days 00:01:37.640000,65.0,3.0,,,0 days 00:00:25.477000,0 days 00:00:47.158000,0 days 00:00:25.005000,0 days 02:30:42.452000,0 days 02:31:29.610000,0 days 02:31:54.615000,135.0,135.0,254.0,263.0,False,INTERMEDIATE,10.0,True,Aston Martin,0 days 02:30:16.942000,2023-05-28 14:31:17.919,1,2.0,False,,False,True,97.64,82.94403076923076
65,297,0 days 02:33:30.914000,ALO,14,0 days 00:01:36.332000,66.0,3.0,,,0 days 00:00:25.340000,0 days 00:00:46.386000,0 days 00:00:24.606000,0 days 02:32:19.955000,0 days 02:33:06.341000,0 days 02:33:30.947000,144.0,140.0,254.0,272.0,False,INTERMEDIATE,11.0,True,Aston Martin,0 days 02:31:54.582000,2023-05-28 14:32:55.559,1,2.0,False,,False,True,96.332,83.14687878787879
66,298,0 days 02:35:04.119000,ALO,14,0 days 00:01:33.205000,67.0,3.0,,,0 days 00:00:24.615000,0 days 00:00:45.444000,0 days 00:00:23.146000,0 days 02:33:55.562000,0 days 02:34:41.006000,0 days 02:35:04.152000,142.0,145.0,258.0,275.0,False,INTERMEDIATE,12.0,True,Aston Martin,0 days 02:33:30.914000,2023-05-28 14:34:31.891,1,2.0,False,,False,True,93.205,83.29700000000001
67,299,0 days 02:36:36.960000,ALO,14,0 days 00:01:32.841000,68.0,3.0,,,0 days 00:00:24.387000,0 days 00:00:45.525000,0 days 00:00:22.929000,0 days 02:35:28.539000,0 days 02:36:14.064000,0 days 02:36:36.993000,148.0,148.0,259.0,276.0,False,INTERMEDIATE,13.0,True,Aston Martin,0 days 02:35:04.119000,2023-05-28 14:36:05.096,1,2.0,False,,False,True,92.841,83.43735294117647
68,300,0 days 02:38:10.824000,ALO,14,0 days 00:01:33.864000,69.0,3.0,,,0 days 00:00:24.955000,0 days 00:00:45.556000,0 days 00:00:23.353000,0 days 02:37:01.948000,0 days 02:37:47.504000,0 days 02:38:10.857000,131.0,152.0,256.0,275.0,False,INTERMEDIATE,14.0,True,Aston Martin,0 days 02:36:36.960000,2023-05-28 14:37:37.937,2,2.0,False,,False,True,93.864,83.58846376811594
69,301,0 days 02:39:42.054000,ALO,14,0 days 00:01:31.230000,70.0,3.0,,,0 days 00:00:24.359000,0 days 00:00:44.422000,0 days 00:00:22.449000,0 days 02:38:35.216000,0 days 02:39:19.638000,0 days 02:39:42.087000,138.0,155.0,259.0,275.0,False,INTERMEDIATE,15.0,True,Aston Martin,0 days 02:38:10.824000,2023-05-28 14:39:11.801,1,2.0,False,,False,True,91.23,83.69762857142857
70,302,0 days 02:41:13.111000,ALO,14,0 days 00:01:31.057000,71.0,3.0,,,0 days 00:00:23.765000,0 days 00:00:44.952000,0 days 00:00:22.340000,0 days 02:40:05.852000,0 days 02:40:50.804000,0 days 02:41:13.144000,143.0,155.0,259.0,275.0,False,INTERMEDIATE,16.0,True,Aston Martin,0 days 02:39:42.054000,2023-05-28 14:40:43.031,1,2.0,False,,False,True,91.057,83.80128169014084
71,303,0 days 02:42:42.530000,ALO,14,0 days 00:01:29.419000,72.0,3.0,,,0 days 00:00:23.604000,0 days 00:00:43.530000,0 days 00:00:22.285000,0 days 02:41:36.748000,0 days 02:42:20.278000,0 days 02:42:42.563000,145.0,169.0,257.0,276.0,False,INTERMEDIATE,17.0,True,Aston Martin,0 days 02:41:13.111000,2023-05-28 14:42:14.088,1,2.0,False,,False,True,89.419,83.87930555555556
72,304,0 days 02:44:12.876000,ALO,14,0 days 00:01:30.346000,73.0,3.0,,,0 days 00:00:24.253000,0 days 00:00:43.531000,0 days 00:00:22.562000,0 days 02:43:06.816000,0 days 02:43:50.347000,0 days 02:44:12.909000,,169.0,258.0,274.0,False,INTERMEDIATE,18.0,True,Aston Martin,0 days 02:42:42.530000,2023-05-28 14:43:43.507,1,2.0,False,,False,True,90.346,83.9678904109589
73,305,0 days 02:45:40.121000,ALO,14,0 days 00:01:27.245000,74.0,3.0,,,0 days 00:00:23.068000,0 days 00:00:42.166000,0 days 00:00:22.011000,0 days 02:44:35.977000,0 days 02:45:18.143000,0 days 02:45:40.154000,150.0,173.0,259.0,276.0,False,INTERMEDIATE,19.0,True,Aston Martin,0 days 02:44:12.876000,2023-05-28 14:45:13.853,1,2.0,False,,False,True,87.245,84.01217567567568
74,306,0 days 02:47:05.821000,ALO,14,0 days 00:01:25.700000,75.0,3.0,,,0 days 00:00:22.592000,0 days 00:00:41.209000,0 days 00:00:21.899000,0 days 02:46:02.746000,0 days 02:46:43.955000,0 days 02:47:05.854000,151.0,176.0,260.0,276.0,False,INTERMEDIATE,20.0,True,Aston Martin,0 days 02:45:40.121000,2023-05-28 14:46:41.098,1,2.0,False,,False,True,85.7,84.03468
75,307,0 days 02:48:32.752000,ALO,14,0 days 00:01:26.931000,76.0,3.0,,,0 days 00:00:23.072000,0 days 00:00:41.645000,0 days 00:00:22.214000,0 days 02:47:28.926000,0 days 02:48:10.571000,0 days 02:48:32.785000,141.0,175.0,258.0,274.0,False,INTERMEDIATE,21.0,True,Aston Martin,0 days 02:47:05.821000,2023-05-28 14:48:06.798,1,2.0,False,,False,True,86.931,84.07278947368421
76,308,0 days 02:49:57.453000,ALO,14,0 days 00:01:24.701000,77.0,3.0,,,0 days 00:00:22.164000,0 days 00:00:40.949000,0 days 00:00:21.588000,0 days 02:48:54.949000,0 days 02:49:35.898000,0 days 02:49:57.486000,161.0,178.0,259.0,275.0,False,INTERMEDIATE,22.0,True,Aston Martin,0 days 02:48:32.752000,2023-05-28 14:49:33.729,1,2.0,False,,False,True,84.701,84.08094805194806
77,309,0 days 02:51:23.121000,ALO,14,0 days 00:01:25.668000,78.0,3.0,,,0 days 00:00:22.513000,0 days 00:00:40.910000,0 days 00:00:22.245000,0 days 02:50:19.999000,0 days 02:51:00.909000,0 days 02:51:23.154000,164.0,175.0,248.0,276.0,False,INTERMEDIATE,23.0,True,Aston Martin,0 days 02:49:57.453000,2023-05-28 14:50:58.430,1,2.0,False,,False,True,85.668,84.10129487179486
